strain	id	state	na_clade	ha_clade	date
A/swine/Nebraska/A02158848/2018	>MH540394	Nebraska	02A	delta1b	2018-05-17
A/swine/Iowa/A01049970/2011	>JN863546	Iowa	02A	delta1b	2011-05-16
A/swine/Ohio/11SW191/2011	>CY131641	Ohio	02A	cluster_iva	2011-08-08
A/swine/Oklahoma/A01785514/2018	>MH376901	Oklahoma	02A	2010.1	2018-04-19
A/swine/Minnesota/A01280548/2013	>KC589442	Minnesota	02A	delta1b	2013-01-28
A/swine/Minnesota/A01823870/2015	>KT699048	Minnesota	02A	delta1a	2015-08-05
A/swine/Iowa/A02215100/2017	>MF195063	Iowa	02A	2010.1	2017-05-03
A/swine/Iowa/A01244088/2012	>KC146992	Iowa	02A	delta1b	2012-10-01
A/swine/Wyoming/A01379354/2013	>KC951128	Wyoming	02A	cluster_iva	2013-03-29
A/swine/Illinois/A01432965/2013	>KF569188	Illinois	02A	delta1b	2013-08-01
A/swine/Illinois/A01201107/2011	>JX048062	Illinois	02A	delta1b	2011-04-13
A/swine/Illinois/A01411111/2013	>KJ130136	Illinois	02A	delta1b	2013-12-01
A/swine/Ohio/11SW216/2011	>CY131803	Ohio	02A	delta1b	2011-08-12
A/swine/Iowa/A01203890/2012	>KC134392	Iowa	02A	delta1b	2012-10-01
A/swine/Indiana/A01260471/2014	>KJ650530	Indiana	02A	delta1b	2014-01-23
A/swine/Ohio/11SW238/2011	>KF203192	Ohio	02A	delta1b	2011-08-31
A/swine/Iowa/A01782232/2016	>KY115558	Iowa	02A	2010.1	2016-10-05
A/swine/Iowa/A01203612/2012	>JX444789	Iowa	02A	cluster_ivb	2012-06-30
A/swine/Kansas/A01377122/2013	>KJ484590	Kansas	02A	delta1b	2013-12-02
A/swine/Illinois/A01241842/2012	>JX422523	Illinois	02A	cluster_iva	2012-02-27
A/swine/Ohio/11SW132/2011	>CY131399	Ohio	02A	delta1b	2011-08-06
A/swine/Mississippi/A01202799/2011	>JX092480	Mississippi	02A	delta1b	2011-11-03
A/swine/Iowa/A01672514/2017	>KY631520	Iowa	02A	2010.1	2017-01-10
A/swine/Illinois/A01291140/2013	>KF761353	Illinois	02A	delta1b	2013-10-01
A/swine/Minnesota/A01941416/2015	>KU517763	Minnesota	02A	delta1b	2015-11-24
A/swine/Iowa/A01795227/2015	>KT924275	Iowa	02A	delta1b	2015-09-23
A/swine/Ohio/A01785284/2017	>MF951086	Ohio	02A	2010.1	2017-01-25
A/swine/Iowa/A01895860/2016	>KX255764	Iowa	02A	2010.1	2016-04-20
A/swine/Iowa/A01202529/2011	>JX092346	Iowa	02A	cluster_iva	2011-08-22
A/swine/Iowa/A01785390/2017	>MH120415	Iowa	02A	delta1b	2017-12-18
A/swine/Minnesota/A01781978/2016	>KY115590	Minnesota	02A	2010.1	2016-09-28
A/swine/Missouri/A01432837/2013	>KF478876	Missouri	02A	beta	2013-07-01
A/swine/Illinois/A01443801/2013	>KC859022	Illinois	02A	delta1b	2013-03-13
A/swine/SD/31813/2009	>GU480921	South_Dakota	02A	delta1a	2009-11-20
A/swine/Minnesota/A01366540/2014	>KJ175147	Minnesota	02A	delta1b	2014-01-03
A/swine/Ohio/11SW124/2011	>CY131343	Ohio	02A	delta1b	2011-08-06
A/swine/Minnesota/MT_12_07_2083/2012	>MF194892	Minnesota	02A	delta1b	2012-03-21
A/swine/Nebraska/A01785465/2018	>MH182128	Nebraska	02A	delta1b	2018-03-13
A/swine/Iowa/A01203126/2012	>JX092594	Iowa	02A	delta1b	2012-01-06
A/swine/Kansas/13105721b/2013	>KC751558	Kansas	02A	delta1a	2013-02-20
A/swine/Minnesota/A01678498/2017	>MF488958	Minnesota	02A	2010.1	2017-06-29
A/swine/Ohio/11SW185/2011	>CY131607	Ohio	02A	cluster_iva	2011-08-08
A/swine/Illinois/A01201154/2011	>JQ858461	Illinois	02A	delta1b	2011-04-19
A/swine/Iowa/A02254364/2018	>MH802627	Iowa	02A	delta1b	2018-07-24
A/swine/Iowa/A01671224/2016	>KY454599	Iowa	02A	delta1b	2016-12-05
A/swine/Iowa/A02219578/2017	>MF920413	Iowa	02A	delta1b	2017-08-16
A/swine/Minnesota/A01943266/2016	>KX349972	Minnesota	02A	2010.1	2016-04-19
A/swine/Minnesota/A01327767/2012	>JX422244	Minnesota	02A	delta1b	2012-04-23
A/swine/Illinois/A01134578/2011	>KR859604	Illinois	02A	delta1b	2011-02-23
A/swine/Missouri/A01672753_/2017	>KY744619	Missouri	02A	2010.1	2017-02-07
A/swine/Kansas/A01377243/2014	>KJ754555	Kansas	02A	cluster_iva	2014-03-07
A/swine/Missouri/A01785376/2017	>MG707000	Missouri	02A	gamma	2017-12-04
A/swine/Iowa/A01432854/2013	>KF478870	Iowa	02A	delta1b	2013-07-01
A/swine/South_Dakota/20/2012	>JX869575	South_Dakota	02A	delta1b	2012-09-14
A/swine/Ohio/11SW172/2011	>CY131531	Ohio	02A	cluster_iva	2011-08-08
A/swine/Nebraska/A01490415/2014	>KJ162082	Nebraska	02A	delta1b	2014-01-02
A/swine/Nebraska/A01493915/2014	>KJ764789	Nebraska	02A	cluster_iva	2014-04-09
A/swine/Minnesota/A01366992/2014	>KJ460972	Minnesota	02A	cluster_iva	2014-02-05
A/swine/Iowa/A01778709/2016	>KX830949	Iowa	02A	2010.1	2016-08-16
A/swine/Illinois/A01047044/2010	>KR859450	Illinois	02A	delta1b	2010-11-29
A/swine/Iowa/A01476008/2014	>KM245300	Iowa	02A	cluster_iv	2014-06-24
A/swine/Minnesota/A01567011/2014	>KP308000	Minnesota	02A	delta1a	2014-05-27
A/swine/Minnesota/A01668212/2016	>KY328160	Minnesota	02A	2010.1	2016-11-09
A/swine/Pennsylvania/A01076777/2010	>JX657758	Pennsylvania	02A	cluster_iv	2010-11-03
A/swine/Minnesota/SG1403/2011	>CY158595	Minnesota	02A	delta1b	2011-09-27
A/swine/Oklahoma/A01203507/2012	>JX163278	Oklahoma	02A	delta1b	2012-04-10
A/swine/Minnesota/A01476406/2014	>KM879429	Minnesota	02A	delta1a	2014-09-13
A/swine/Indiana/A01203384/2012	>JX080570	Indiana	02A	delta1b	2012-04-06
A/swine/Iowa/A01729478/2016	>KU666868	Iowa	02A	delta1a	2016-01-08
A/swine/Nebraska/A01729210/2016	>KU598297	Nebraska	02A	delta1b	2016-01-07
A/swine/Missouri/A01432397/2013	>KC620403	Missouri	02A	delta1b	2013-01-01
A/swine/Iowa/A01202794/2011	>JQ398768	Iowa	02A	delta1b	2011-11-02
A/swine/Iowa/A01432370/2013	>KC534989	Iowa	02A	delta1b	2013-01-01
A/swine/Illinois/A01277957/2012	>KC355834	Illinois	02A	delta1b	2012-11-28
A/swine/Oklahoma/A01290571/2013	>KF761359	Oklahoma	02A	delta1b	2013-10-01
A/swine/Nebraska/A01240642/2012	>JX657776	Nebraska	02A	delta1b	2012-01-03
A/swine/Kansas/A01378025/2017	>MF172990	Kansas	02A	cluster_iva	2017-05-01
A/swine/South_Dakota/A01678175/2016	>KX452951	South_Dakota	02A	delta1b	2016-06-07
A/swine/Alabama/A01104056/2012	>KC951198	Alabama	02A	cluster_iva	2012-12-12
A/swine/Iowa/A01202742/2011	>JX092466	Iowa	02A	delta1a	2011-10-20
A/swine/North_Carolina/A01290458/2013	>KF715187	North_Carolina	02A	delta1b	2013-09-01
A/swine/Iowa/A01290680/2013	>KF922829	Iowa	02A	cluster_iv	2013-10-01
A/swine/Minnesota/A01116140/2011	>JQ906914	Minnesota	02A	delta1b	2011-08-22
A/swine/Iowa/A02137136/2017	>MG763256	Iowa	02A	delta1b	2017-11-28
A/swine/Iowa/A01782388/2016	>KY115551	Iowa	02A	delta1a	2016-10-10
A/swine/Nebraska/A01785247/2017	>KY616727	Nebraska	02A	delta1b	2017-01-10
A/swine/Minnesota/A01076998/2010	>JQ906913	Minnesota	02A	delta1a	2010-05-12
A/swine/Virginia/A01203711/2012	>JX543524	Virginia	02A	delta1b	2012-08-01
A/swine/Iowa/A01049644/2011	>JN652441	Iowa	02A	delta1b	2011-03-07
A/swine/Iowa/A01781043/2016	>KX908020	Iowa	02A	2010.1	2016-08-30
A/swine/Iowa/A01782391/2016	>KY115570	Iowa	02A	2010.1	2016-10-10
A/swine/Illinois/A01047360/2011	>CY114893	Illinois	02A	delta1b	2011-01-18
A/swine/Minnesota/A02221876/2017	>MG241380	Minnesota	02A	2010.1	2017-09-20
A/swine/Illinois/A00857138a/2011	>KT589370	Illinois	02A	delta1b	2011-10-20
A/swine/Nebraska/A01476438/2014	>KM879417	Nebraska	02A	delta1b	2014-09-11
A/swine/Michigan/A01202036/2011	>JN863552	Michigan	02A	delta1b	2011-05-26
A/swine/Iowa/A02076444/2015	>KR812417	Iowa	02A	2010.1	2015-04-15
A/swine/Iowa/A02254234/2018	>MH744127	Iowa	02A	2010.1	2018-07-20
A/swine/Minnesota/A02216467/2017	>MF455470	Minnesota	02A	2010.1	2017-05-30
A/swine/Iowa/A01778108/2016	>KX761357	Iowa	02A	delta1a	2016-07-29
A/swine/Illinois/A01300059/2012	>JX656957	Illinois	02A	delta1b	2012-06-21
A/swine/Minnesota/A01398642/2013	>KF582512	Minnesota	02A	delta1b	2013-08-12
A/swine/Minnesota/A01432189/2012	>KC333145	Minnesota	02A	delta1b	2012-11-16
A/swine/Illinois/A01201919/2011	>JQ906895	Illinois	02A	delta1b	2011-07-12
A/swine/Illinois/A01201111/2011	>JQ858459	Illinois	02A	delta1b	2011-04-13
A/swine/Minnesota/A01134598/2010	>JQ906924	Minnesota	02A	delta1b	2010-11-22
A/swine/South_Dakota/A01746305/2015	>KT734981	South_Dakota	02A	delta1b	2015-09-03
A/swine/Ohio/A01279687/2012	>KC355829	Ohio	02A	delta2	2012-12-06
A/swine/Iowa/A01782999/2016	>KY284537	Iowa	02A	cluster_iv	2016-10-28
A/swine/Ohio/11SW139/2011	>CY131447	Ohio	02A	delta1b	2011-08-06
A/swine/Ohio/11SW136/2011	>CY131423	Ohio	02A	delta1b	2011-08-06
A/swine/Iowa/A01728010/2015	>KU529102	Iowa	02A	2010.1	2015-12-16
A/swine/Ohio/11SW129/2011	>CY131375	Ohio	02A	delta1b	2011-08-06
A/swine/North_Carolina/A01291932/2013	>KJ130127	North_Carolina	02A	delta1b	2013-11-01
A/swine/Oklahoma/A01778144/2016	>KX772378	Oklahoma	02A	2010.1	2016-08-01
A/swine/Oklahoma/A01202415/2011	>JX092329	Oklahoma	02A	delta1b	2011-07-06
A/swine/Iowa/A01798119/2015	>KU357006	Iowa	02A	delta1a	2015-11-17
A/swine/Nebraska/A01678580/2018	>MH899099	Nebraska	02A	cluster_iva	2018-08-24
A/swine/Ohio/11SW173/2011	>CY131539	Ohio	02A	cluster_iva	2011-08-08
A/swine/Illinois/A01291458/2013	>KF715140	Illinois	02A	delta1b	2013-09-01
A/swine/Ohio/A01203186/2012	>JX092598	Ohio	02A	cluster_iva	2012-01-24
A/swine/Ohio/A02218183/2017	>MF613963	Ohio	02A	2010.1	2017-06-27
A/swine/Iowa/A02170601/2018	>MH647809	Iowa	02A	delta1a	2018-06-26
A/swine/Iowa/A01202530/2011	>JX092347	Iowa	02A	cluster_iva	2011-08-22
A/swine/Nebraska/A01327276/2012	>JX422472	Nebraska	02A	delta1b	2012-03-26
A/swine/Minnesota/A01327433/2012	>JX422466	Minnesota	02A	delta1b	2012-04-06
A/swine/Kansas/A01378040/2018	>MH279900	Kansas	02A	cluster_iva	2018-04-16
A/swine/Illinois/A01782837/2016	>KY211005	Illinois	02A	2010.1	2016-10-31
A/swine/Indiana/A01260615/2014	>KM583829	Indiana	02A	delta1b	2014-08-08
A/swine/Ohio/11SW113/2011	>CY131231	Ohio	02A	cluster_iva	2011-08-05
A/swine/Nebraska/A01490456/2014	>KJ162073	Nebraska	02A	delta1b	2014-01-02
A/swine/Ohio/A01941023/2015	>KU300992	Ohio	02A	cluster_iva	2015-11-09
A/swine/Illinois/A01134721/2011	>JQ858454	Illinois	02A	delta1b	2011-03-10
A/swine/Illinois/A01203812/2012	>JX975009	Illinois	02A	cluster_iva	2012-09-01
A/swine/Minnesota/A01116285/2011	>JQ906915	Minnesota	02A	delta1a	2011-09-26
A/swine/Iowa/A02138601/2017	>MG822889	Iowa	02A	cluster_iva	2017-12-13
A/swine/Ohio/11SW87/2011	>CY131271	Ohio	02A	cluster_iva	2011-08-05
A/swine/Oklahoma/A02135941/2017	>MG720202	Oklahoma	02A	delta1a	2017-11-14
A/swine/Iowa/A01729570/2016	>KU666859	Iowa	02A	2010.1	2016-01-13
A/swine/Iowa/A02169067/2018	>MH540410	Iowa	02A	2010.1	2018-05-20
A/swine/Arkansas/SG1376/2011	>CY158475	Arkansas	02A	delta1b	2011-01-26
A/swine/Indiana/A01327215/2012	>JX422340	Indiana	02A	cluster_iva	2012-02-06
A/swine/Iowa/A01202455/2011	>JX092339	Iowa	02A	delta1a	2011-07-18
A/swine/Ohio/11SW223/2011	>KF135558	Ohio	02A	delta1b	2011-08-31
A/swine/Iowa/A02214652/2017	>MF092728	Iowa	02A	2010.1	2017-03-23
A/swine/Indiana/A01778367/2016	>KX772376	Indiana	02A	delta1b	2016-08-05
A/swine/Minnesota/A01116840/2011	>CY114942	Minnesota	02A	delta1b	2011-10-20
A/swine/Minnesota/A01116842/2011	>JQ906916	Minnesota	02A	delta1b	2011-10-20
A/swine/Iowa/A01782281/2016	>KY115584	Iowa	02A	delta1b	2016-10-11
A/swine/Illinois/A01047024/2010	>JQ756350	Illinois	02A	delta1b	2010-11-22
A/swine/Michigan/A01116886/2011	>CY114947	Michigan	02A	delta1b	2011-10-31
A/swine/Iowa/A02256790/2018	>MH937438	Iowa	02A	delta1b	2018-08-22
A/swine/Illinois/A01240547/2011	>JX657736	Illinois	02A	delta1b	2011-12-23
A/swine/Minnesota/A01943420/2016	>KX349975	Minnesota	02A	2010.1	2016-05-05
A/swine/Minnesota/A01047500/2010	>JQ756372	Minnesota	02A	delta1b	2010-12-06
A/swine/Iowa/A01671473/2016	>KY465572	Iowa	02A	2010.1	2016-12-09
A/swine/Minnesota/A01668935/2016	>KY413002	Minnesota	02A	2010.1	2016-11-22
A/swine/Illinois/A01270461/2012	>KC013579	Illinois	02A	delta1b	2012-10-03
A/swine/Iowa/A01796529/2015	>KU500829	Iowa	02A	alpha	2015-12-01
A/swine/Nebraska/A01509963/2014	>KM044285	Nebraska	02A	cluster_iva	2014-05-07
A/swine/Illinois/A00857138b/2011	>KT589346	Illinois	02A	cluster_iva	2011-10-20
A/swine/Iowa/MT_12_07_11_2_19/2011	>MF194544	Iowa	02A	delta1b	2011-11-22
A/swine/Iowa/A01944889/2015	>KU229928	Iowa	02A	delta1b	2015-10-28
A/swine/Iowa/A01728956/2016	>KU598303	Iowa	02A	2010.1	2016-01-04
A/swine/Missouri/A01672702/2017	>KY744623	Missouri	02A	2010.1	2017-02-03
A/swine/Ohio/11SW236/2011	>CY131927	Ohio	02A	delta1b	2011-08-18
A/swine/North_Carolina/A01290800/2013	>KF986934	North_Carolina	02A	delta1b	2013-11-01
A/swine/Iowa/A01202063/2011	>JN863559	Iowa	02A	delta1b	2011-06-07
A/swine/Iowa/A01895776/2016	>KX255770	Iowa	02A	delta1b	2016-04-20
A/swine/South_Carolina/A01932046/2017	>KY766097	South_Carolina	02A	delta2	2017-02-03
A/swine/Iowa/A01049450/2011	>JN162022	Iowa	02A	delta1b	2011-01-19
A/swine/Iowa/A01778106/2016	>KX761361	Iowa	02A	2010.1	2016-07-20
A/swine/Minnesota/A01943867/2016	>KX670528	Minnesota	02A	2010.1	2016-06-17
A/swine/Nebraska/A01567207/2014	>KP412368	Nebraska	02A	cluster_iva	2014-12-18
A/swine/Nebraska/A01822081/2015	>KT164996	Nebraska	02A	delta1a	2015-05-14
A/swine/Illinois/0TM103/2017	>MF973422	Illinois	02A	2010.1	2017-02-13
A/swine/Minnesota/A01490759/2013	>KJ154060	Minnesota	02A	cluster_iva	2013-12-26
A/swine/Illinois/A01076221/2010	>JQ858434	Illinois	02A	delta1b	2010-09-02
A/swine/Illinois/A01201512/2011	>JQ858468	Illinois	02A	delta1b	2011-05-25
A/swine/Illinois/A01820124/2015	>KR132571	Illinois	02A	cluster_ive	2015-03-20
A/swine/Minnesota/A01076123/2010	>JX048037	Minnesota	02A	delta1b	2010-07-25
A/swine/Minnesota/A01279105/2012	>KC189015	Minnesota	02A	delta1b	2012-11-02
A/swine/South_Dakota/A01746932/2015	>KU143597	South_Dakota	02A	delta1a	2015-10-20
A/swine/Nebraska/A02171019/2018	>MH819327	Nebraska	02A	cluster_iva	2018-07-09
A/swine/Nebraska/A01351017/2013	>KF305494	Nebraska	02A	delta1a	2013-06-07
A/swine/Minnesota/A01847237/2015	>KR821160	Minnesota	02A	2010.1	2015-04-02
A/swine/Illinois/A01290508/2013	>KF715214	Illinois	02A	cluster_iva	2013-10-01
A/swine/Nebraska/A01678559/2018	>MH392713	Nebraska	02A	delta1b	2018-05-09
A/swine/Illinois/A01277038/2012	>KC333107	Illinois	02A	delta1b	2012-11-07
A/swine/Iowa/19/2012	>JX853813	Iowa	02A	delta1b	2012-09-10
A/swine/Ohio/A01785399/2017	>MG832648	Ohio	02A	2010.1	2017-12-26
A/swine/Minnesota/A01785355/2017	>MG707002	Minnesota	02A	2010.1	2017-11-15
A/swine/Oklahoma/A01432285/2012	>KC535001	Oklahoma	02A	delta1a	2012-12-12
A/swine/Iowa/A01410349/2014	>KJ605013	Iowa	02A	delta1b	2014-03-01
A/swine/South_Dakota/A01472720/2015	>KT426697	South_Dakota	02A	delta1b	2015-08-04
A/swine/Ohio/A01267959/2012	>KC171960	Ohio	02A	delta2	2012-10-25
A/swine/Iowa/A01733626/2016	>KX088416	Iowa	02A	cluster_iva	2016-03-16
A/swine/Iowa/A01781761/2016	>KY007243	Iowa	02A	2010.1	2016-09-22
A/swine/Ohio/11SW175/2011	>CY131555	Ohio	02A	cluster_iva	2011-08-08
A/swine/Illinois/A01241627/2012	>JX422229	Illinois	02A	delta1b	2012-02-15
A/swine/Missouri/A02136826/2017	>MG763262	Missouri	02A	delta1a	2017-11-21
A/swine/Wyoming/A01444562/2013	>KC562196	Wyoming	02A	cluster_iva	2013-01-13
A/swine/Illinois/A01241779/2012	>JX422325	Illinois	02A	delta1b	2012-01-31
A/swine/Illinois/A01327349/2012	>JX422241	Illinois	02A	delta1b	2012-04-02
A/swine/Nebraska/A01567651/2015	>KP725189	Nebraska	02A	cluster_iva	2015-01-12
A/swine/Iowa/A01482347/2014	>KM277930	Iowa	02A	delta1a	2014-07-29
A/swine/Ohio/11SW162/2011	>KF135542	Ohio	02A	delta1b	2011-08-31
A/swine/Iowa/A01782264/2016	>KY115588	Iowa	02A	2010.1	2016-10-12
A/swine/Illinois/A00857129/2011	>KT589354	Illinois	02A	cluster_iva	2011-09-14
A/swine/Iowa/A02035112/2015	>KT327358	Iowa	02A	delta1a	2015-06-24
A/swine/Illinois/A01300642/2012	>JX657020	Illinois	02A	delta1b	2012-07-13
A/swine/South_Dakota/A01279279/2012	>KC238319	South_Dakota	02A	cluster_ivb	2012-11-13
A/swine/Minnesota/A01076197/2010	>JX122445	Minnesota	02A	delta1b	2010-03-07
A/swine/Iowa/A01202774/2011	>JX092472	Iowa	02A	delta1b	2011-10-28
A/swine/Ohio/11SW174/2011	>CY131547	Ohio	02A	delta1b	2011-08-08
A/swine/Illinois/A01462549/2015	>KP772315	Illinois	02A	cluster_ive	2015-01-20
A/swine/Oklahoma/A01202417/2011	>KR859633	Oklahoma	02A	delta1b	2011-07-06
A/swine/Nebraska/A01489958/2015	>KR234059	Nebraska	02A	delta1a	2015-03-30
A/swine/Iowa/A02076596/2015	>KT164906	Iowa	02A	delta1b	2015-04-24
A/swine/Iowa/A01202573/2011	>JX092349	Iowa	02A	cluster_iva	2011-09-07
A/swine/Minnesota/SG1403/2011	>CY159019	Minnesota	02A	delta1b	2011-09-27
A/swine/Minnesota/A01410131/2014	>KJ437576	Minnesota	02A	delta1a	2014-01-01
A/swine/South_Dakota/2/2010	>CY078422	South_Dakota	02A	delta1b	2010-11-23
A/swine/Arkansas/SG1384/2011	>CY158507	Arkansas	02A	delta1b	2011-07-13
A/swine/Ohio/A01795365/2015	>KT995496	Ohio	02A	cluster_iva	2015-10-08
A/swine/Nebraska/A01944792/2015	>KU160682	Nebraska	02A	delta1b	2015-10-20
A/swine/Minnesota/SG1402/2011	>CY158587	Minnesota	02A	delta1b	2011-10-06
A/swine/Iowa/A01671230/2016	>KY454603	Iowa	02A	delta1b	2016-12-08
A/swine/Illinois/A01047353/2011	>JQ756370	Illinois	02A	delta1b	2011-01-18
A/swine/Illinois/A01241774/2012	>JX422406	Illinois	02A	delta1b	2012-02-23
A/swine/Iowa/A01203195/2012	>JX092600	Iowa	02A	delta1a	2012-01-28
A/swine/Iowa/MT_12_07_11_2_7/2011	>MF194352	Iowa	02A	delta1b	2011-11-22
A/swine/Illinois/A01241173/2012	>JX422226	Illinois	02A	beta	2012-01-10
A/swine/Ohio/A01351184/2013	>KF313150	Ohio	02A	delta2	2013-06-18
A/swine/South_Dakota/A01822640/2015	>KT259391	South_Dakota	02A	delta1b	2015-06-03
A/swine/Iowa/A01932575/2017	>KY888280	Iowa	02A	2010.1	2017-02-27
A/swine/Ohio/11SW215/2011	>CY131795	Ohio	02A	delta1b	2011-08-12
A/swine/Nebraska/A01493792/2014	>KJ847682	Nebraska	02A	delta1a	2014-04-07
A/swine/Iowa/A02216045/2017	>MF289438	Iowa	02A	delta1b	2017-05-17
A/swine/Illinois/A01049952/2011	>JN652549	Illinois	02A	delta1b	2011-05-09
A/swine/Nebraska/A01778104/2016	>KX761359	Nebraska	02A	delta1a	2016-07-08
A/swine/Iowa/A01796161/2015	>KU242633	Iowa	02A	delta1a	2015-10-29
A/swine/Kansas/A01377335/2014	>KM260153	Kansas	02A	delta1a	2014-07-07
A/swine/North_Carolina/A01410790/2014	>KJ880050	North_Carolina	02A	delta1b	2014-05-01
A/swine/Iowa/A01202795/2011	>JQ398769	Iowa	02A	delta1b	2011-11-02
A/swine/Iowa/MT_12_07_11_2_29/2011	>MF194576	Iowa	02A	delta1b	2011-11-22
A/swine/Illinois/A00907727/2011	>CY114865	Illinois	02A	delta1b	2011-07-13
A/swine/Iowa/A02157801/2018	>MH345759	Iowa	02A	2010.1	2018-04-12
A/swine/Illinois/A01489872/2014	>KR074146	Illinois	02A	delta1a	2014-10-14
A/swine/Iowa/A01941104/2015	>KU300986	Iowa	02A	delta1a	2015-11-12
A/swine/Oklahoma/A01290517/2013	>KF715220	Oklahoma	02A	delta1b	2013-10-01
A/swine/Illinois/A01047518/2010	>JQ756373	Illinois	02A	delta1b	2010-12-07
A/swine/Iowa/A01049951/2011	>JN652548	Iowa	02A	delta1b	2011-05-09
A/swine/Illinois/A01503947/2014	>KM675474	Illinois	02A	delta1b	2014-09-03
A/swine/Illinois/A01782816/2016	>KY210995	Illinois	02A	delta1a	2016-11-01
A/swine/Nebraska/A02158807/2018	>MH463583	Nebraska	02A	cluster_iva	2018-05-23
A/swine/Iowa/A02221363/2017	>MG198964	Iowa	02A	delta1b	2017-09-13
A/swine/Iowa/A01668518/2016	>KY348363	Iowa	02A	2010.1	2016-11-14
A/swine/Iowa/A01857704/2015	>KT965415	Iowa	02A	delta1a	2015-10-01
A/swine/Minnesota/A01942134/2016	>KU761553	Minnesota	02A	2010.1	2016-01-26
